school,conference,sp_plus_2025,model_sp_plus_2026,n_games,expected_wins,betmgm_total_aug2026,edge,lean,p_ge_6,p_ge_8,p_ge_10,returning_prod_raw,returning_prod_portal_adj,ol_starts_returning_share,new_head_coach,recruit_points
Texas Tech,Big 12,27.6,22.612,12,10.658,10.5,0.16,OVER,1.0,0.994,0.861,0.53,0.739,0.6,False,250.26
Miami,ACC,20.7,23.1,12,10.144,10.5,-0.36,UNDER,1.0,0.983,0.732,0.441,1.021,0.2,False,284.61
Notre Dame,FBS Independents,24.4,22.386,12,10.069,11.5,-1.43,UNDER,1.0,0.977,0.704,0.504,0.534,0.683,False,299.28
Oregon,Big Ten,25.9,27.153,12,9.64,10.5,-0.86,UNDER,0.999,0.952,0.569,0.659,0.917,0.427,False,303.22
Georgia,SEC,24.1,24.843,12,9.466,9.5,-0.03,UNDER,0.997,0.924,0.514,0.713,0.843,0.586,False,291.98
Ohio State,Big Ten,30.1,29.491,12,9.429,9.5,-0.07,UNDER,0.997,0.925,0.499,0.676,0.828,0.803,False,301.23
Utah,Big 12,22.2,17.422,12,9.41,8.5,0.91,OVER,0.996,0.913,0.498,0.709,0.854,0.127,False,226.89
Indiana,Big Ten,32.4,22.93,12,9.175,10.5,-1.33,UNDER,0.995,0.892,0.421,0.17,0.677,0.593,False,226.46
SMU,ACC,13.4,12.769,12,8.769,8.5,0.27,OVER,0.989,0.827,0.307,0.56,0.803,0.631,False,225.82
Texas A&M,SEC,20.7,20.782,12,8.623,8.5,0.12,OVER,0.985,0.79,0.275,0.705,0.823,0.185,False,283.13
USC,Big Ten,16.9,21.013,12,8.51,8.5,0.01,OVER,0.982,0.769,0.245,0.635,0.712,0.831,False,310.67
South Florida,American Athletic,11.6,1.965,12,8.498,8.5,-0.0,UNDER,0.976,0.757,0.256,0.158,0.515,0.21,True,180.12
BYU,Big 12,15.9,13.796,12,8.454,8.5,-0.05,UNDER,0.976,0.751,0.242,0.663,0.708,0.493,False,237.33
Washington,Big Ten,18.4,18.242,12,8.381,7.5,0.88,OVER,0.978,0.743,0.214,0.59,0.759,0.688,False,262.32
Ole Miss,SEC,24.0,20.582,12,8.375,7.5,0.88,OVER,0.975,0.734,0.222,0.593,0.846,0.573,False,236.72
New Mexico,Mountain West,0.9,0.795,12,8.299,7.5,0.8,OVER,0.972,0.723,0.201,0.576,0.7,0.692,False,182.61
Texas,SEC,16.2,22.975,12,8.27,9.5,-1.23,UNDER,0.967,0.705,0.207,0.62,1.112,0.523,False,291.18
UNLV,Mountain West,4.3,1.006,12,8.079,7.5,0.58,OVER,0.95,0.656,0.179,0.248,0.535,0.371,False,196.45
Oklahoma,SEC,18.3,20.197,12,8.03,7.5,0.53,OVER,0.953,0.646,0.163,0.715,1.007,0.6,False,252.55
Hawai'i,Mountain West,1.7,-2.132,12,7.967,7.5,0.47,OVER,0.943,0.629,0.158,0.563,0.619,0.462,False,161.47
San Diego State,Pac-12,6.7,5.815,11,7.948,6.5,1.45,OVER,0.953,0.638,0.134,0.83,0.892,0.4,False,184.15
Tennessee,SEC,15.0,15.894,12,7.921,7.5,0.42,OVER,0.946,0.618,0.144,0.384,0.502,0.815,False,290.71
Liberty,Conference USA,-9.0,-5.138,12,7.906,8.5,-0.59,UNDER,0.94,0.613,0.147,0.42,0.765,0.75,False,172.64
Virginia,ACC,11.1,7.063,12,7.884,7.5,0.38,OVER,0.939,0.609,0.142,0.158,0.791,0.6,False,171.82
Kansas State,Big 12,7.0,6.834,12,7.787,8.5,-0.71,UNDER,0.927,0.581,0.135,0.714,0.982,0.217,True,207.83
UTSA,American Athletic,3.7,1.966,12,7.757,7.5,0.26,OVER,0.935,0.58,0.114,0.651,0.677,0.569,False,185.81
Houston,Big 12,7.4,7.163,12,7.752,8.5,-0.75,UNDER,0.941,0.581,0.105,0.632,0.747,0.354,False,218.85
Penn State,Big Ten,18.1,12.22,12,7.747,8.5,-0.75,UNDER,0.931,0.574,0.119,0.08,0.947,0.206,True,194.39
East Carolina,American Athletic,8.0,-0.64,12,7.745,7.5,0.25,OVER,0.93,0.575,0.118,0.147,0.386,0.062,False,178.99
James Madison,Sun Belt,12.3,-1.638,12,7.708,8.5,-0.79,UNDER,0.923,0.562,0.119,0.102,0.147,0.2,True,185.6
Jacksonville State,Conference USA,-6.7,-6.677,12,7.676,7.5,0.18,OVER,0.918,0.554,0.117,0.502,0.556,0.294,False,183.36
Western Michigan,Mid-American,-1.4,-2.029,12,7.635,7.5,0.14,OVER,0.918,0.546,0.106,0.681,0.69,0.557,False,171.38
Arizona,Big 12,12.0,9.984,12,7.629,7.5,0.13,OVER,0.924,0.543,0.098,0.635,0.756,0.4,False,216.67
NC State,ACC,4.8,5.943,12,7.577,7.5,0.08,OVER,0.911,0.528,0.101,0.572,0.818,0.446,False,210.28
Marshall,Sun Belt,-4.5,-4.673,12,7.542,7.5,0.04,OVER,0.913,0.521,0.089,0.629,0.733,0.383,False,162.09
Illinois,Big Ten,12.9,10.716,12,7.534,7.5,0.03,OVER,0.92,0.518,0.081,0.361,0.726,0.231,False,230.18
Pittsburgh,ACC,8.4,5.758,12,7.485,7.5,-0.02,UNDER,0.904,0.505,0.087,0.476,0.534,0.677,False,214.09
LSU,SEC,10.3,14.298,12,7.45,8.5,-1.05,UNDER,0.901,0.492,0.084,0.234,0.987,0.338,True,272.69
Old Dominion,Sun Belt,5.9,-3.555,12,7.344,7.5,-0.16,UNDER,0.876,0.468,0.084,0.202,0.268,0.0,False,178.55
Clemson,ACC,9.5,7.644,12,7.331,7.5,-0.17,UNDER,0.886,0.461,0.073,0.417,0.508,0.369,False,243.28
Memphis,American Athletic,7.6,-1.741,12,7.274,7.5,-0.23,UNDER,0.877,0.446,0.069,0.039,0.337,0.203,True,189.2
Louisville,ACC,12.4,7.283,12,7.263,8.5,-1.24,UNDER,0.871,0.446,0.072,0.305,0.582,0.2,False,211.65
Iowa,Big Ten,19.7,11.494,12,7.25,7.5,-0.25,UNDER,0.884,0.436,0.06,0.402,0.411,0.4,False,228.57
Michigan,Big Ten,12.4,14.131,12,7.201,8.5,-1.3,UNDER,0.879,0.425,0.052,0.688,0.812,0.676,True,270.12
Vanderbilt,SEC,20.3,11.449,12,7.201,5.5,1.7,OVER,0.869,0.427,0.061,0.346,0.424,0.2,False,225.43
Western Kentucky,Conference USA,1.6,-2.835,12,7.188,6.5,0.69,OVER,0.88,0.427,0.044,0.347,0.481,0.154,False,185.21
Toledo,Mid-American,6.0,-7.714,12,7.156,7.5,-0.34,UNDER,0.856,0.418,0.063,0.084,0.101,0.262,True,162.52
Alabama,SEC,14.8,13.318,12,7.154,8.5,-1.35,UNDER,0.856,0.416,0.062,0.328,0.389,0.08,False,303.79
Louisiana Tech,Sun Belt,-1.3,-3.746,12,7.146,5.5,1.65,OVER,0.856,0.417,0.059,0.519,0.52,0.5,False,177.0
UConn,FBS Independents,5.1,-4.082,12,7.132,5.5,1.63,OVER,0.846,0.413,0.066,0.03,0.414,0.141,True,172.49
Miami (OH),Mid-American,-3.4,-6.237,12,7.055,7.5,-0.45,UNDER,0.848,0.39,0.049,0.263,0.373,0.704,False,175.9
Louisiana,Sun Belt,-10.1,-8.022,12,7.022,7.5,-0.48,UNDER,0.839,0.386,0.047,0.568,0.569,0.6,False,179.8
Boise State,Pac-12,3.1,4.221,11,7.021,7.5,-0.48,UNDER,0.859,0.378,0.031,0.697,0.774,0.529,False,205.71
Tulsa,American Athletic,-10.0,-5.323,12,6.992,5.5,1.49,OVER,0.831,0.377,0.05,0.437,0.842,0.367,False,179.39
Missouri,SEC,14.4,12.459,12,6.979,6.5,0.48,OVER,0.841,0.365,0.042,0.473,0.747,0.569,False,225.09
Air Force,Mountain West,-3.2,-8.404,12,6.959,7.5,-0.54,UNDER,0.822,0.37,0.051,0.627,0.627,0.4,False,116.49
Auburn,SEC,11.6,11.257,12,6.917,6.5,0.42,OVER,0.832,0.348,0.037,0.204,1.041,0.033,True,225.99
Florida State,ACC,7.2,7.659,12,6.866,6.5,0.37,OVER,0.816,0.341,0.039,0.38,0.667,0.0,False,251.54
Troy,Sun Belt,-4.8,-5.715,12,6.804,6.5,0.3,OVER,0.806,0.326,0.034,0.474,0.491,0.4,False,187.25
South Carolina,SEC,5.9,10.39,12,6.789,6.5,0.29,OVER,0.806,0.317,0.033,0.686,0.88,0.233,False,256.43
Georgia Tech,ACC,9.3,4.03,12,6.728,6.5,0.23,OVER,0.792,0.308,0.03,0.182,0.38,0.4,False,216.7
Tulane,American Athletic,6.3,-2.307,12,6.725,7.5,-0.77,UNDER,0.777,0.32,0.039,0.212,0.312,0.254,True,195.14
North Texas,American Athletic,13.8,-3.046,12,6.69,5.5,1.19,OVER,0.79,0.294,0.025,0.022,0.374,0.0,True,128.04
Delaware,Conference USA,-10.9,-6.579,12,6.66,6.5,0.16,OVER,0.778,0.295,0.027,0.753,0.832,0.538,False,167.01
Iowa State,Big 12,9.9,4.038,12,6.628,4.5,2.13,OVER,0.772,0.283,0.027,0.043,0.685,0.0,True,203.31
Temple,American Athletic,-5.1,-5.828,12,6.61,5.5,1.11,OVER,0.768,0.28,0.026,0.348,0.373,0.783,False,192.17
Texas State,Pac-12,2.3,1.246,11,6.572,6.5,0.07,OVER,0.778,0.26,0.014,0.706,0.733,0.292,False,188.31
Central Michigan,Mid-American,-8.8,-8.169,12,6.561,6.5,0.06,OVER,0.757,0.274,0.023,0.409,0.456,0.8,False,178.86
Northwestern,Big Ten,5.8,8.271,12,6.498,5.5,1.0,OVER,0.761,0.239,0.014,0.545,0.995,0.431,False,204.95
Arkansas State,Sun Belt,-8.8,-8.831,12,6.459,6.5,-0.04,UNDER,0.729,0.255,0.024,0.365,0.384,0.708,False,183.85
Minnesota,Big Ten,1.5,6.053,12,6.41,6.5,-0.09,UNDER,0.728,0.234,0.018,0.682,0.837,0.636,False,226.67
Kennesaw State,Conference USA,-5.4,-9.701,12,6.344,6.5,-0.16,UNDER,0.706,0.232,0.019,0.103,0.332,0.4,False,163.41
Eastern Michigan,Mid-American,-14.7,-11.306,12,6.323,5.5,0.82,OVER,0.703,0.224,0.018,0.627,0.629,0.283,False,175.41
Wake Forest,ACC,5.7,3.073,12,6.316,5.5,0.82,OVER,0.703,0.217,0.017,0.212,0.529,0.215,False,217.86
Florida International,Conference USA,-10.5,-10.885,12,6.305,6.5,-0.19,UNDER,0.699,0.219,0.017,0.266,0.448,0.25,False,176.58
Kansas,Big 12,4.1,1.916,12,6.3,5.5,0.8,OVER,0.696,0.218,0.018,0.196,0.599,0.381,False,196.96
Ohio,Mid-American,-4.0,-10.754,12,6.281,6.5,-0.22,UNDER,0.687,0.225,0.02,0.157,0.19,0.0,False,175.4
Fresno State,Pac-12,1.8,-0.762,11,6.269,6.5,-0.23,UNDER,0.71,0.193,0.008,0.479,0.512,0.569,False,189.36
UCF,Big 12,-1.2,-0.414,12,6.259,5.5,0.76,OVER,0.683,0.215,0.018,0.248,0.722,0.295,False,194.3
Maryland,Big Ten,0.6,4.148,12,6.237,5.5,0.74,OVER,0.687,0.204,0.013,0.687,0.802,0.6,False,215.87
Arizona State,Big 12,3.9,3.641,12,6.177,6.5,-0.32,UNDER,0.678,0.184,0.01,0.182,0.669,0.231,False,217.26
California,ACC,-3.2,0.5,12,6.176,6.5,-0.32,UNDER,0.665,0.2,0.016,0.544,0.966,0.441,True,202.81
Buffalo,Mid-American,-7.5,-13.238,12,6.115,5.5,0.61,OVER,0.658,0.177,0.011,0.161,0.161,0.016,False,176.6
TCU,Big 12,8.3,2.157,12,6.088,6.5,-0.41,UNDER,0.648,0.178,0.011,0.254,0.287,0.477,False,212.6
South Alabama,Sun Belt,-12.7,-9.543,12,6.06,5.5,0.56,OVER,0.634,0.186,0.015,0.591,0.599,0.311,False,187.23
Florida Atlantic,American Athletic,-8.7,-7.217,12,6.016,5.5,0.52,OVER,0.626,0.173,0.012,0.657,0.746,0.433,False,157.5
Duke,ACC,6.6,1.281,12,6.016,5.5,0.52,OVER,0.633,0.159,0.009,0.222,0.469,0.414,False,189.26
Rutgers,Big Ten,1.0,3.019,12,6.008,,,,0.629,0.156,0.009,0.387,0.71,0.417,False,220.7
App State,Sun Belt,-11.4,-11.426,12,5.871,5.5,0.37,OVER,0.593,0.145,0.008,0.151,0.296,0.323,False,198.58
Wisconsin,Big Ten,-4.4,2.507,12,5.855,6.5,-0.64,UNDER,0.59,0.137,0.007,0.374,1.165,0.333,False,186.75
Nebraska,Big Ten,6.2,5.514,12,5.824,6.5,-0.68,UNDER,0.585,0.119,0.005,0.458,0.877,0.462,False,182.28
Navy,American Athletic,6.2,-8.41,12,5.821,7.5,-1.68,UNDER,0.579,0.144,0.008,0.193,0.193,0.697,False,99.4
Nevada,Mountain West,-13.4,-11.688,12,5.809,4.5,1.31,OVER,0.574,0.146,0.01,0.382,0.477,0.483,False,177.11
Cincinnati,Big 12,4.5,1.626,12,5.793,5.5,0.29,OVER,0.573,0.126,0.006,0.098,0.502,0.574,False,199.89
Wyoming,Mountain West,-11.3,-12.315,12,5.782,5.5,0.28,OVER,0.566,0.144,0.01,0.273,0.387,0.4,False,169.68
Utah State,Pac-12,-3.1,-1.453,11,5.595,4.5,1.1,OVER,0.528,0.082,0.002,0.708,0.708,0.848,False,177.56
Florida,SEC,3.5,7.188,12,5.508,7.5,-1.99,UNDER,0.495,0.093,0.004,0.425,0.863,0.4,True,250.98
Bowling Green,Mid-American,-12.6,-14.074,12,5.411,4.5,0.91,OVER,0.471,0.075,0.002,0.249,0.269,0.05,False,188.03
Baylor,Big 12,1.4,-0.606,12,5.283,6.5,-1.22,UNDER,0.437,0.074,0.003,0.154,0.535,0.25,False,200.6
Virginia Tech,ACC,-10.1,-2.121,12,5.281,6.5,-1.22,UNDER,0.437,0.071,0.002,0.357,0.852,0.786,True,226.24
West Virginia,Big 12,-6.8,-2.631,12,5.197,5.5,-0.3,UNDER,0.412,0.06,0.002,0.238,0.576,0.4,False,229.51
Akron,Mid-American,-13.9,-14.525,12,5.032,4.5,0.53,OVER,0.374,0.054,0.002,0.452,0.476,0.417,False,147.36
Georgia Southern,Sun Belt,-9.4,-12.27,12,4.919,4.5,0.42,OVER,0.349,0.05,0.002,0.17,0.29,0.031,False,181.78
Army,American Athletic,0.8,-11.932,12,4.918,7.5,-2.58,UNDER,0.351,0.055,0.002,0.546,0.546,0.769,False,39.85
Northern Illinois,Mountain West,-16.7,-15.412,12,4.875,3.5,1.38,OVER,0.337,0.041,0.001,0.46,0.46,0.3,True,184.9
Mississippi State,SEC,4.1,3.377,12,4.868,4.5,0.37,OVER,0.322,0.038,0.001,0.4,0.554,0.227,False,230.56
Southern Miss,Sun Belt,-7.1,-12.527,12,4.825,3.5,1.33,OVER,0.326,0.044,0.001,0.1,0.165,0.215,False,175.33
Middle Tennessee,Conference USA,-16.0,-16.683,12,4.677,3.5,1.18,OVER,0.292,0.036,0.001,0.324,0.352,0.15,False,164.9
San José State,Mountain West,-14.3,-17.476,13,4.66,4.5,0.16,OVER,0.289,0.036,0.001,0.1,0.188,0.383,False,158.65
Missouri State,Conference USA,-10.7,-14.978,12,4.617,4.5,0.12,OVER,0.268,0.025,0.0,0.245,0.451,0.108,True,151.56
Washington State,Pac-12,3.8,-5.753,11,4.581,4.5,0.08,OVER,0.251,0.02,0.0,0.293,0.346,0.492,True,159.25
Syracuse,ACC,-13.1,-3.929,12,4.574,4.5,0.07,OVER,0.266,0.03,0.001,0.33,0.797,0.483,False,224.78
Kent State,Mid-American,-19.3,-15.716,12,4.565,3.5,1.06,OVER,0.258,0.022,0.0,0.536,0.541,0.467,False,162.2
Coastal Carolina,Sun Belt,-15.1,-16.177,12,4.524,4.5,0.02,OVER,0.26,0.03,0.001,0.253,0.483,0.138,True,165.03
North Carolina,ACC,-6.6,-2.927,12,4.471,4.5,-0.03,UNDER,0.24,0.024,0.001,0.332,0.481,0.164,False,247.7
UCLA,Big Ten,-8.7,-2.446,12,4.421,6.5,-2.08,UNDER,0.236,0.023,0.0,0.588,1.021,0.45,True,196.57
Oklahoma State,Big 12,-15.1,-6.072,12,4.211,6.5,-2.29,UNDER,0.184,0.014,0.0,0.022,1.161,0.098,True,190.27
UTEP,Mountain West,-17.5,-19.105,12,4.151,3.5,0.65,OVER,0.176,0.011,0.0,0.099,0.158,0.033,False,179.56
New Mexico State,Conference USA,-15.5,-17.916,12,4.146,4.5,-0.35,UNDER,0.185,0.016,0.0,0.352,0.431,0.217,False,129.05
UL Monroe,Sun Belt,-21.6,-18.2,12,4.142,3.5,0.64,OVER,0.186,0.017,0.0,0.447,0.473,0.433,False,160.28
Rice,American Athletic,-14.8,-13.023,12,4.137,3.5,0.64,OVER,0.177,0.014,0.0,0.339,0.441,0.5,False,176.01
Purdue,Big Ten,-6.1,-2.908,12,4.064,3.5,0.56,OVER,0.156,0.01,0.0,0.469,0.71,0.3,False,203.29
Michigan State,Big Ten,-3.4,-2.817,12,4.042,4.5,-0.46,UNDER,0.161,0.011,0.0,0.303,0.635,0.367,True,213.73
Ball State,Mid-American,-23.0,-20.959,12,4.038,3.5,0.54,OVER,0.157,0.01,0.0,0.165,0.226,0.567,False,170.02
Colorado,Big 12,-8.3,-6.082,12,3.971,4.5,-0.53,UNDER,0.147,0.011,0.0,0.29,0.631,0.23,False,193.36
Georgia State,Sun Belt,-24.5,-19.844,12,3.962,4.5,-0.54,UNDER,0.15,0.011,0.0,0.309,0.327,0.474,False,184.01
Arkansas,SEC,5.1,-0.11,12,3.827,4.5,-0.67,UNDER,0.112,0.006,0.0,0.181,0.416,0.4,True,212.68
UAB,American Athletic,-15.8,-18.601,12,3.703,3.5,0.2,OVER,0.1,0.005,0.0,0.145,0.318,0.377,False,135.31
Boston College,ACC,-8.5,-9.017,12,3.568,3.5,0.07,OVER,0.083,0.003,0.0,0.146,0.319,0.233,False,204.06
Kentucky,SEC,1.8,-5.347,12,3.512,4.5,-0.99,UNDER,0.07,0.002,0.0,0.208,0.345,0.0,True,197.21
Sam Houston,Conference USA,-27.8,-22.536,12,3.428,3.5,-0.07,UNDER,0.076,0.003,0.0,0.509,0.514,0.033,False,161.18
Charlotte,American Athletic,-26.7,-19.476,12,3.426,2.5,0.93,OVER,0.077,0.004,0.0,0.444,0.588,0.131,False,176.53
Colorado State,Pac-12,-15.6,-15.816,11,3.31,3.5,-0.19,UNDER,0.052,0.001,0.0,0.34,0.34,0.333,True,188.82
Oregon State,Pac-12,-15.9,-15.947,11,3.276,4.5,-1.22,UNDER,0.051,0.001,0.0,0.369,0.421,0.35,True,176.78
Stanford,ACC,-11.8,-10.052,12,3.245,3.5,-0.25,UNDER,0.053,0.002,0.0,0.315,0.318,0.817,True,218.95
Massachusetts,Mid-American,-36.6,-30.27,12,2.908,2.5,0.41,OVER,0.033,0.001,0.0,0.185,0.259,0.167,False,166.97
